{
	"global":
	{
		"do_interpolation" : true,
		"exact_time" : true,
		"scattering": 
		{
			"multiple_scattering" : "HighlandIntegral",
			"multiple_scattering_multiplier" : 1.0,
			"stochastic_deflection" : ["DefaultIoniz", "DefaultBrems", "DefaultEpair", "DefaultPhotonuclear"],
			"stochastic_deflection_multiplier" : {
				"Ioniz" : 1.0,
				"Brems" : 1.0,
				"Epair" : 1.0,
				"Photonuclear" : 1.0
			}
		},
		"CrossSections" : {
			"brems": {
				"parametrization": "KelnerKokoulinPetrukhin",
				"multiplier" : 1.0,
				"lpm": true
			},
			"epair": {
				"parametrization": "KelnerKokoulinPetrukhin",
				"multiplier" : 1.0,
				"lpm": true
			},
			"ioniz": {
				"parametrization": "BetheBlochRossi",
				"multiplier" : 1.0
			},
			"photo": {
				"parametrization": "AbramowiczLevinLevyMaor97",
				"multiplier" : 1.0,
				"shadow": "ButkevichMikheyev"
			}
		},
		"cuts":
		{
			"e_cut": "inf",
			"v_cut": 1,
			"cont_rand": false
		}
	},
	"sectors": [
		{
			"medium": "air",
			"geometries": [
				{
					"hierarchy": 0,
					"shape": "sphere",
					"origin": [0, 0, -500e2],
					"inner_radius" : 10e5, 
					"outer_radius": 1e20    
				}
			]
		},
		{
			"medium": "standardrock",
			"geometries": [
				{
					"hierarchy": 1,
					"shape": "sphere",
					"origin": [0, 0, -500e2],
					"outer_radius": 10e5
				}
			]
		},
		{
			"medium": "Lead", 
			"geometries": [
				{
					"hierarchy": 20,
					"shape": "box",
					"origin": [0, 0, -500e2],
					"length": 1e2,
					"width": 1e2,
					"height": 1e2
				}
			]
		},
		{
			"medium": "Lead", 
			"geometries": [
				{
					"hierarchy": 20,
					"shape": "box",
					"origin": [0, 0, -500e2],
					"length": 10e5,
					"width": 10e5,
					"height": 1e2
				}
			]
		}
	]
}