{
	"global":
	{
		"do_interpolation" : true,
		"exact_time" : true,
		"CrossSections" : {
			"brems": {
				"parametrization": "KelnerKokoulinPetrukhin",
				"multiplier" : 1.0,
				"lpm": true
			},
			"epair": {
				"parametrization": "KelnerKokoulinPetrukhin",
				"multiplier" : 1.0,
				"lpm": true
			},
			"ioniz": {
				"parametrization": "BetheBlochRossi",
				"multiplier" : 1.0
			},
			"photo": {
				"parametrization": "AbramowiczLevinLevyMaor97",
				"multiplier" : 1.0,
				"shadow": "ButkevichMikheyev"
			}
		}
	},
	"sectors": [
		{
			"medium": "ice",
			"geometries": [
				{
					"hierarchy": 0,
					"shape": "sphere",
					"origin": [0, 0, 0],
					"outer_radius": 1e20,
					"inner_radius": 0

				}
			],
			"density_distribution":
			{
				"type": "homogeneous",
				"mass_density" : 0.917
			},
			"cuts":
			{
				"e_cut": "inf",
				"v_cut": 0.05,
				"cont_rand": true
			}
		}
	]
}