{
	"global":
	{
		"cuts":
		{
			"e_cut": "inf",
			"v_cut": 1,
			"cont_rand": false
		}
	},
	"sectors": [
		{
			"medium": "standardrock",
			"geometries": [
				{
					"hierarchy": 1,
					"shape": "sphere",
					"origin": [0, 0, 0],
					"outer_radius": 1e20
				}
			]
		},
		{
			"medium": "Copper", 
			"geometries": [
				{
					"hierarchy": 20,
					"shape": "Cylinder",
					"origin": [0, 0, -1000e2],
					"inner_radius" : 0,
					"outer_radius": 567200e2,
					"height": 1e2
				}
			]
		}
	]
}